Height,Weight,Sex
1.8222932843462558,57.72902806135053,Male
1.7823408468814186,112.78704159144937,Male
1.8363375587779436,87.66653530666629,Male
1.6340661919186894,58.72857384548222,Male
1.7194205467847519,85.02146454633173,Male
1.8292466899634499,119.32090768280705,Male
1.785180193491664,97.59309277129043,Male
1.7982365452111404,67.27001797393612,Male
1.8369174376466557,98.0918747256904,Male
1.9059113569907262,105.53286503699402,Male
1.7395247798820932,120.31156541931196,Male
1.6988437738787536,106.71857123592227,Male
1.7534887053951729,43.71807739011858,Male
1.8908399170257104,122.67882171355117,Male
1.7824788437022798,83.06776731368669,Male
1.8136013409018883,98.82199051431934,Male
1.730290005900807,101.35293101295072,Male
1.7024118073279733,65.03868355866796,Male
1.853423478320002,101.06087107641672,Male
1.7002239861516182,74.13692973276419,Male
1.7791612163634583,110.30569105601462,Male
1.6854581709828462,59.68145436420098,Male
1.6094183329779912,84.94727932153383,Male
1.7833962829057273,99.75133900423236,Male
1.7974988974336532,135.60924741247385,Male
1.815609962919869,99.64757324631759,Male
1.7266107436267775,124.64668659659151,Male
1.8111528921309505,98.84275569691725,Male
1.8456069831281026,87.22914986009448,Male
1.8628946851907355,98.98782305344588,Male
1.7350989914086146,60.936358578738535,Male
1.7953414939813133,128.14835332141857,Male
1.6421307704759294,68.56630371603376,Male
1.839265463827023,105.99018585276087,Male
1.848146462346259,89.48581438645954,Male
1.7912976751951875,71.39880146926751,Male
1.793547673605479,72.62059877872582,Male
1.7709092037264424,85.46122296179546,Male
1.6796412629284083,87.11912570435605,Male
1.9016399410493352,124.99015112469468,Male
1.7387226518903218,93.66566442947403,Male
1.7112028788910139,69.9221660908331,Male
1.7710001712399028,89.39538371904308,Male
1.7662015693381157,81.95003743661982,Male
1.9112667613330085,106.9331742199444,Male
1.821000448857842,101.33035871378078,Male
1.6925851478820075,81.76711502470403,Male
1.7497154537693431,80.83374861386243,Male
1.843374991681141,95.36537136337954,Male
1.8207020700087846,128.40425726984293,Male
1.7028299154271778,74.35802987787953,Male
1.7882883069457618,95.08837509435726,Male
1.7358109779860325,106.62022041341518,Male
1.907005869999537,67.29795979191609,Male
1.947363447738939,49.27837830948666,Male
1.7511513007948825,66.823027847294,Male
1.8092517740674874,78.47506000435325,Male
1.7290839753228233,69.98304287305771,Male
1.8148855549693714,85.23959304185625,Male
1.74617798853848,114.9044409776934,Male
1.7526366382326344,135.27529290764716,Male
1.8136108721017379,92.64482227565561,Male
1.8333165583761133,97.21275624576398,Male
1.6935557448170206,69.66330800753893,Male
1.8675804369246634,155.9991451746655,Male
1.7757087546056014,127.86047333674509,Male
1.6737608667500496,66.1760006146427,Male
1.8267921042174686,70.68881527673403,Male
1.8259494022612044,94.94444018836818,Male
1.8256301510384274,85.46499290923585,Male
1.8250889520994606,110.27449177148931,Male
1.8348789117490276,138.90932412936814,Male
1.7094398960108912,78.16872033022872,Male
1.646209994655488,89.8629422729827,Male
1.7787023272384894,81.46870736309347,Male
1.7744265174142893,65.2636088561416,Male
1.7230157672398065,90.42921664379034,Male
1.8018168979546885,81.52186121846378,Male
1.7273001994462678,95.35626283412381,Male
1.905854964024161,87.043821656888,Male
1.7381876666795355,94.04599337644903,Male
1.8269993003565688,78.46114506494524,Male
1.8480534750275421,135.95073796128312,Male
1.6876113481748662,53.369141377244496,Male
1.7252529364642493,83.37540462185132,Male
1.8148441975576872,67.42875208852271,Male
1.7134738921180293,58.67537681999235,Male
1.7718218880817718,81.64615917088882,Male
1.8291616725785713,68.04105578395554,Male
1.681964409243118,91.57309962899146,Male
1.7670306804093707,90.68964851040992,Male
1.6218755949809178,58.88848550873264,Male
1.7775795470841158,89.80318641506526,Male
1.7475149624827324,65.80620554180436,Male
1.8044005293063459,72.44792438251389,Male
1.8292460253720628,112.98519077820465,Male
1.9498941692743228,126.1106149489691,Male
1.7621704398380738,84.5448543722412,Male
1.7484471336186402,100.2797919726327,Male
1.8849146645047261,158.24320697247884,Male
1.7958988731572587,91.281584775483,Male
1.706647120972688,86.02891323636914,Male
1.7679601548534927,59.4127131030426,Male
1.7670774879806286,120.45717012927014,Male
1.8764460872202318,103.41873352231158,Male
1.7893035206421992,85.91412916955753,Male
1.8072015152324516,76.64116703938565,Male
1.7116342528570851,128.8345606209386,Male
1.7465167404740805,90.74173459044489,Male
1.791315036997723,80.60425613250787,Male
1.6694143433586908,66.81287071836827,Male
1.7150942618165157,114.40149924091992,Male
1.6717400588206093,77.32207426687498,Male
1.8057505192044832,89.41874436054403,Male
1.8605334205215747,98.25767481014796,Male
1.8626204434388058,136.43921930407217,Male
1.7803331272489291,96.34176687538294,Male
1.5756968278639112,93.46469252922275,Male
1.824249969254227,93.31530957090928,Male
1.787103896780302,59.35235554425377,Male
1.7404970333252356,74.84364893361968,Male
1.6455271764121122,57.68490978034556,Male
1.8104492551907965,118.14740245094018,Male
1.8111748322067507,139.4156004384707,Male
1.7555796875045773,110.78779810243697,Male
1.7455886149873776,91.02609391076784,Male
1.84574983801108,102.3469460791906,Male
1.6156509862803923,49.70596346210913,Male
1.5968504958194238,60.84849292541844,Male
1.8888344433851092,100.4425560843386,Male
1.6525901856637708,67.78919191192281,Male
1.7897057501658173,97.65018096715272,Male
1.7372939113954593,67.8761038901018,Male
1.8484559840634571,88.53112897470204,Male
1.809283067256921,138.8120441851708,Male
1.770205519220123,95.20384691629057,Male
1.7842811044834201,92.03999517109071,Male
1.8787052994432052,129.60462100718954,Male
1.7047075050463767,75.85600253232879,Male
1.7340053409374385,96.07759057106125,Male
1.7175573595753628,91.07834669755559,Male
1.794760230487036,67.03652030023672,Male
1.8170194620588194,120.42774846236162,Male
1.9132537106171474,102.40112992080078,Male
1.8256376952457354,72.4089593684298,Male
1.7732817537307215,86.48965100430298,Male
1.7225817713404394,66.277536010374,Male
1.6352364376732538,73.5145862549895,Male
1.7802947312405195,91.10315880802206,Male
1.6360007887723091,67.09695853234389,Male
1.879922292698248,97.73403187603883,Male
1.6449818931956246,51.80063688269484,Male
1.754516065265748,84.28336525443862,Male
1.6784937601775913,92.18481316599734,Male
1.8965364156554498,156.15684170676352,Male
1.6930548347366257,59.34171130484205,Male
1.7551895679562424,66.27762587030033,Male
1.79261069324434,124.65245929717372,Male
1.8458989603358011,101.25302689834848,Male
1.7852030084241477,78.6424929589573,Male
1.9079391133975867,83.5417857111161,Male
1.871746962180932,92.11089605671253,Male
1.7311128514353777,83.67797108070131,Male
1.9072162705512878,86.29444740647757,Male
1.714539590020808,87.63134684199592,Male
1.7050793480651298,70.8309794647383,Male
1.8780812593392562,139.40839668293384,Male
1.711646146812552,98.1478339046883,Male
1.9475372856097934,111.90406071835139,Male
1.8294362450575758,77.28897731838521,Male
1.8887732048267674,140.14014454457498,Male
1.746705313938686,67.18746816662072,Male
1.8246765042270787,132.73039726215825,Male
1.792216924090453,76.20289210033363,Male
1.6857219919862496,70.19433583100718,Male
1.688071516937547,60.627323983756675,Male
1.8261872833988162,84.03746614104955,Male
1.7097267800404585,86.44887951429067,Male
1.8492907104804897,64.41516154442168,Male
1.8323013479756125,70.29347422494219,Male
1.8054689006571452,83.93680608521295,Male
1.8652324713588209,118.82657717945779,Male
1.6746891496159941,108.99001885283819,Male
1.8310762663422235,88.47063153616851,Male
1.8895136876011351,55.99266042970695,Male
1.666449047772922,72.83826970837845,Male
1.7824832218142408,63.915393098071156,Male
1.7158561629905293,92.94586256085283,Male
1.7419950126582475,80.696264612903,Male
1.8909704521744788,106.73802706405893,Male
1.8001807401663146,71.51004590443395,Male
1.7311585061405341,84.82691545929033,Male
1.7839364757486993,115.41182186948433,Male
1.7759120408962068,70.97934942466905,Male
1.7871798858807566,75.61042869367807,Male
1.8168581846481557,70.13524755791278,Male
1.8271181928320357,63.771594371239836,Male
1.6539517578886416,72.88308816065724,Male
1.8517547893489277,100.66718948674044,Male
1.7787019617363804,98.95386560369421,Male
1.6709848894486128,82.78437832906056,Male
1.8288416553332683,68.4610070534767,Male
1.8554930119105455,132.7715990424382,Male
1.710641305721101,107.50470181891346,Male
1.837540827561408,91.87935348751499,Male
1.7883279011473556,91.62949621030637,Male
1.747840863220495,60.36449435635685,Male
1.8023644835975454,99.98030303695236,Male
1.782471982302223,122.23000838186034,Male
1.9088546181095947,90.25921432151408,Male
1.8465053899464823,65.80959724081556,Male
1.8160065381992299,73.32384770342189,Male
1.7476365456240563,81.39825289843924,Male
1.6688061180016398,74.32256717385462,Male
1.8331523880161926,90.8191570727038,Male
1.7895020696256847,92.01770977948027,Male
1.6950853940393233,70.32748834310117,Male
1.7310620416540983,123.7170464424082,Male
1.8114776918473696,128.32713498472793,Male
1.863377834731497,144.30479464059883,Male
1.759322082400059,83.02495239119398,Male
1.7797066028079118,103.11046975340793,Male
1.6948607534386102,41.670085833361874,Male
1.8718990554925012,95.08213837765553,Male
1.7163077833355533,58.521736106982125,Male
1.6746399963793388,67.83127629022137,Male
1.8068869463534447,111.62745067622734,Male
1.758935498380615,90.98801738071565,Male
1.711599183083203,82.82953573450423,Male
1.5908421085253586,58.87121875867144,Male
1.6503528380295334,64.43193988575189,Male
1.613913113391264,99.5671350131416,Male
1.7475384616330183,118.51824963380845,Male
1.6587365489599666,69.0309769633739,Male
1.7987359401451624,96.66996158110848,Male
1.6685668353173562,75.23854642539133,Male
1.7946352448610496,85.38422816963963,Male
1.7692578323834471,91.66174959898355,Male
1.6754719161103577,113.59730515524782,Male
1.768336651012773,59.830854067190565,Male
1.7582058654377652,88.56349399000626,Male
1.7619823527721203,62.35244448088598,Male
1.8613885675862338,91.85242836385554,Male
1.8246233967932186,92.52603864372485,Male
1.7589470373270482,81.33343966076168,Male
1.8142707954524402,125.78754305454265,Male
1.8170167524869902,64.1237602518802,Male
1.7784778857300034,108.2119020593732,Male
1.9007132010888974,77.35547423724744,Male
1.7911084127876604,95.67558105324821,Male
1.6831042617315282,84.66040877827693,Male
1.7964684887829891,82.94739530194467,Male
1.7216335528963274,68.14171395513304,Male
1.7373009174415366,126.34820741602871,Male
1.8458435117649075,81.38959464871517,Male
1.8282877930623465,106.16990419568278,Male
1.7610575120504046,96.24214166637394,Male
1.7037971640231975,85.33271182564833,Male
1.8482920971731465,152.45078295600524,Male
1.776114786065905,92.00525923039574,Male
1.683123267181971,85.65821130205886,Male
1.7685809270563149,120.17872681628072,Male
1.7445014459364874,84.07516970427429,Male
1.8156232043330474,74.51408839347309,Male
1.7351289866008266,63.71903739261423,Male
1.7554291479644988,50.587522438649266,Male
1.5807606836934616,86.89400220048121,Male
1.7700071374741746,100.35874596605935,Male
1.8832339579523343,137.5382927348415,Male
1.6963897820719034,80.55051692548835,Male
1.7471360679732657,90.98651008231714,Male
1.8263526818557403,96.89711341362289,Male
1.7164031579059442,100.98407568359997,Male
1.7970248251851257,72.45820023669346,Male
1.7282899589924243,114.23533469820012,Male
1.7783249355527653,110.83069368436352,Male
1.769954367639531,81.57169602245594,Male
1.8075689640413664,90.56220324672508,Male
1.7951530111979017,79.5981634663699,Male
1.7183461980673727,81.48994133282372,Male
1.8326195805615553,87.52314047247717,Male
1.919774919841168,103.17486985069394,Male
1.7647983051342868,116.1441218826244,Male
1.7746947780799882,69.00551092421206,Male
1.7407453479073922,59.2220118543265,Male
1.8290430354556013,103.47171119490152,Male
1.8419258227226967,90.92319789510587,Male
1.7458617754171208,86.98623734832255,Male
1.808414735340987,103.97836363489482,Male
1.6469607417499523,68.88882584760482,Male
1.7673548248567068,98.80548643299963,Male
1.9539596973086577,73.76591580629713,Male
1.8698906483722968,102.29967582602576,Male
1.6189057386477679,77.23718697486248,Male
1.670113697646152,73.06250186276684,Male
1.7743788008433814,78.28418447344613,Male
1.8575622474247138,52.43387014005266,Male
1.7071766206782797,39.068804549654764,Male
1.7648568219029181,70.56683466584262,Male
1.838721145029808,89.51352973297328,Male
1.9009923648119946,104.9516790950014,Male
1.6845869978174286,82.53852095967518,Male
1.732571292913493,100.15281512248865,Male
1.7965925912385239,65.21799210012097,Male
1.6364391144854336,77.03195728126524,Male
1.7455847747691748,114.25658274073288,Male
1.7754747046945756,60.62917184907263,Male
1.6899515979806194,68.742015559905,Male
1.8320895694688284,98.45613978879291,Male
1.8614675158196758,85.90721229024562,Male
1.7977727265085293,101.87055147531514,Male
1.7776371711897034,140.91321530333317,Male
1.8147849940149479,118.82020447544186,Male
1.8092320689983048,73.30815856757003,Male
1.7126472889200657,79.52015368687707,Male
1.8133335483325266,103.67042452152793,Male
1.742979992921171,99.26437754978186,Male
1.7437939693564106,77.00952287215532,Male
1.772327868967737,77.70204241434526,Male
1.6232840904442125,104.05099330998425,Male
1.7522045109150841,96.1551451188818,Male
1.7624004167135416,78.69690741768308,Male
1.820880156652696,129.29171533241933,Male
1.7247760138020973,38.31447110087294,Male
1.8346371637735093,91.48254302934606,Male
1.7322726139188154,89.4857389355307,Male
1.8017773153434333,91.6470063137527,Male
1.7568599574519772,83.72041157722232,Male
1.6948230607468313,80.53687949206952,Male
1.8438679156448368,89.27721414614645,Male
1.8365485668332453,78.93045263746303,Male
1.940322926153392,94.23201946907507,Male
1.6404266777638525,53.61457286657912,Male
1.807185505842169,53.57681328309604,Male
1.8127814318994666,71.59322661864537,Male
1.8515332437824008,88.5006789322399,Male
1.8454311644048889,93.15895043829185,Male
1.8648562694323803,68.59894360507393,Male
1.8431932327800815,91.56326237345195,Male
1.7986129774504258,108.07872527938017,Male
1.756610580811814,111.29198156370116,Male
1.722337116832557,76.02418047223163,Male
1.839785916326266,63.44527620539041,Male
1.7899228145852806,142.28572800205598,Male
1.7327044317939586,63.976801788915694,Male
1.91099225616597,108.45353939955855,Male
1.8076619050695384,87.80783733842023,Male
1.890838908611536,98.28369781494371,Male
1.8324239309879191,107.41908441179231,Male
1.8515576976829906,76.54271699517354,Male
1.7842296729897322,97.26472297842113,Male
1.8978287930441793,68.911853883708,Male
1.7791508191734777,72.05013129262818,Male
1.6795332719196145,81.79807768216232,Male
1.7818053626981336,87.17080458973459,Male
1.8078940963792116,67.44037639749725,Male
1.7361879600758,93.06036430114527,Male
1.7647533711609031,69.37623598451933,Male
1.7068543697352043,82.9702010222374,Male
1.7478522892180175,113.17360882766125,Male
1.830025929188839,92.2160541076032,Male
1.7267472073256551,62.52632011887995,Male
1.616829833930742,59.24595791690418,Male
1.8817879582500807,142.13581313249497,Male
1.6821043127749389,71.00967773388653,Male
1.6755653987947425,67.44094255217277,Male
1.7425085100871813,84.72262400097819,Male
1.6308592584329964,67.41280266102139,Male
1.7658700569831454,80.00599447320751,Male
1.8193734968775732,117.55642893932084,Male
1.7224581589333168,64.98374374874697,Male
1.8477051627458179,76.21845444622134,Male
1.7700614042551301,106.26040633654085,Male
1.7908212362960299,120.26227081434838,Male
1.854833941966036,127.60248152779933,Male
1.8250333858219354,114.39598030540647,Male
1.701722626262534,56.543760299851535,Male
1.8108878302444236,119.13353034938321,Male
1.8422039691892662,132.71572261438882,Male
1.792686427263507,106.4052758873092,Male
1.8460183659925198,112.5518021819461,Male
1.691117609040175,56.500981879525696,Male
1.7885580240741823,38.56836904814873,Male
1.9131126124304942,108.45028808545109,Male
1.8374112734789705,90.47595830531205,Male
1.7238853369923595,69.98572340952839,Male
1.7594521894705233,87.82463559410758,Male
1.8678565655608326,119.50670380584907,Male
1.8367692969548395,125.37914420779768,Male
1.719432705553615,82.92078821384057,Male
1.9133100486820611,82.81054381426124,Male
1.7813995697556537,114.04292849326691,Male
1.7530905390124314,61.95139996245972,Male
1.6620861424379032,72.19235186385964,Male
1.871570598343395,98.15128150934468,Male
1.8033043740944368,112.28779264838069,Male
1.849929170297548,91.28631799053618,Male
1.6659941873683772,116.66057719593078,Male
1.554852499796152,69.00829293963741,Male
1.8506979062554438,121.78991472234526,Male
1.7561292289215025,66.84417528350725,Male
1.7851499200944534,84.9678619805928,Male
1.7819380675509904,138.1469431648882,Male
1.847749309956192,116.00502898103156,Male
1.901581155338149,154.1628380383037,Male
1.9128947044326845,103.29608032612016,Male
1.7572941829419237,82.6938767471163,Male
1.7662981129078126,81.43107338480337,Male
1.7796975564048136,113.76206390815811,Male
1.7771622604583874,125.78944426676253,Male
1.630072685817546,84.86798232334132,Male
1.8727317010602476,81.84014246000154,Male
1.7259643157943327,81.48221361593046,Male
1.7662758508349201,107.89050728530418,Male
1.661283735548642,120.26033122560744,Male
1.7812650028511228,88.414311898969,Male
1.8204249707951956,80.12313464848974,Male
1.6886031267591457,58.64164962368821,Male
1.6726285127636296,63.37187911063584,Male
1.883145070219078,96.91619459325123,Male
1.8381522399846333,88.40454428546947,Male
1.7228373018441678,61.168289363281495,Male
1.7273132311975903,73.09645272048961,Male
1.8908532952989716,79.2899830055698,Male
1.738310045493706,75.91253727853784,Male
1.6608071357983325,90.72871651644357,Male
1.7819846513135333,114.99887249437147,Male
1.7903945514208066,70.3829180339321,Male
1.8149276039139761,136.70530529181676,Male
1.718688512809557,80.02924120727258,Male
1.767307060620895,87.14255387896154,Male
1.8043042231234512,60.45598935931562,Male
1.777758808131683,59.98452279973105,Male
1.7095278905550102,99.80849428879046,Male
1.7640360436984637,87.32306460787623,Male
1.898971230790344,87.51759442342335,Male
1.7891955092504017,121.54520302803407,Male
1.7308451575701285,119.34923450764217,Male
1.9066775989320868,95.8376121565202,Male
1.6080620080673713,68.83893557153998,Male
1.800212649097687,89.81649307727659,Male
1.887271298053946,72.13368252046345,Male
1.7568900295657204,78.14231763699102,Male
1.78093458813781,101.18625265246796,Male
1.8926722130373093,115.45464589299465,Male
1.8486298595703372,129.88829644420838,Male
1.8431130604128683,85.95329908706829,Male
1.9315877473200367,107.02473164725824,Male
1.8722121228250737,82.40596799724675,Male
1.8539332892462244,87.72736143209923,Male
1.9740392120106791,111.65041335720441,Male
1.7989568718188125,85.04621394046978,Male
1.7117287230411657,123.23790577921487,Male
1.6868449418537341,74.4511547003538,Male
1.776634069008417,133.46208999767688,Male
1.7637861367345398,46.22430891458858,Male
1.7095039426104781,105.83045514782921,Male
1.9165208098835833,100.55560829303923,Male
1.7518265208379156,133.2727837341815,Male
1.7194552106934013,76.75081335925091,Male
1.8492758677128303,69.79832911014705,Male
1.7937464799554346,62.46931728552474,Male
1.6583997410694749,95.96344221708321,Male
1.7625762881746718,118.80274407588624,Male
1.7101943215799287,84.79038525182436,Male
1.7073459454454367,62.97511896314766,Male
1.704908744100028,104.83084002438854,Male
1.673184687289954,68.99480543323459,Male
1.8737401660791466,96.91945407982105,Male
1.8118956482492081,83.14864955751246,Male
1.7039326052642851,59.26080780673092,Male
1.7561964859802588,85.9889434841409,Male
1.7584969094640297,89.90598827320606,Male
1.8458204152689797,80.89577122868967,Male
1.8179262365683002,79.64337651269707,Male
1.848128219940142,82.64638983595904,Male
1.8301069894236068,70.92053899665706,Male
1.6277536941209616,91.11079794628351,Male
1.6899745464122988,81.43780405650071,Male
1.7470031708399563,88.40814115702189,Male
1.8387378547476418,67.85120770944637,Male
1.8201206432006836,122.89693875259351,Male
1.7719006522849094,66.75533443301727,Male
1.8044981254227475,72.95735326908027,Male
1.795889396692969,76.33832524726722,Male
1.7000019022934303,102.08644992470629,Male
1.6733853479242236,64.3628714870263,Male
1.6737176337269495,97.85558698440157,Male
1.7958638148055739,65.26857655415299,Male
1.7563964810767043,71.41016763940566,Male
1.6900457056609541,73.08681195083413,Male
1.6466714036394752,51.95172935592801,Male
1.6979018903459775,63.568997202340654,Male
1.7537903347503732,100.30036882662814,Male
1.6893817050538364,55.35255168585751,Male
1.8126361192729963,82.63021214581288,Male
1.7174189801663717,82.36856159523204,Male
1.833977711090071,93.77841728714343,Male
1.8659213003958701,66.00475214044836,Male
1.851892746360286,112.60641779365908,Male
1.8115466162227563,94.30693006325762,Male
1.787241708338662,90.3257778473783,Male
1.8082963823098042,73.83166986149219,Male
1.7325805908988736,64.96060025262503,Male
1.7105877831491325,83.6128421251291,Male
1.6933666642688798,81.76529597108475,Male
1.8874494880177344,95.71017355032868,Male
1.7569735377973672,138.72582658006215,Male
1.8269652648296233,72.76636536237218,Male
1.7356806848844935,86.74162509723254,Male
1.8494093455175666,80.93344786665173,Male
1.8569191732366621,82.38645825966898,Male
1.6886901470694802,117.88659774501161,Male
1.6711443572737668,86.27220994810719,Male
1.7939257995372384,121.66819783017165,Male
1.7005398431026846,84.58366116955823,Male
1.8367212799948422,68.67004008589133,Male
1.7829505404220185,77.15385546850781,Male
1.7935484583420445,75.00738791517942,Male
1.7323371710784954,79.79489623124054,Male
1.7329286154605268,56.27692477369072,Male
1.8043570882881832,81.78179193188214,Male
1.76875109049706,86.10024530580853,Male
1.716989170603804,83.00490865690342,Male
1.6877363522450373,73.84657599262498,Male
1.8205195429954524,96.77712231955124,Male
1.826606240962641,113.21630405128442,Male
1.804163841913227,68.66815882329506,Male
1.7530405197522836,106.4549810042147,Male
1.6846206913907205,97.24147070218523,Male
1.9105818488360762,142.01500122151717,Male
1.7722282338678859,87.05342118243023,Male
1.8309280631783147,85.61899773632261,Male
1.8475636166045988,68.07123311367464,Male
1.7461458725128454,65.42796149997933,Male
1.6746209799521012,75.14780489786635,Male
1.7753957607164856,118.2427171480207,Male
1.6838866511775539,90.63067366734822,Male
1.7278562788806011,108.41550723394093,Male
1.7891534180269926,72.81405729776512,Male
1.6864869552805044,79.55909349766787,Male
1.7715080745229468,134.16241889293363,Male
1.7468629897811996,88.28587570385018,Male
1.8414385682797345,75.4424460357331,Male
1.7319444982965626,99.69898818976716,Male
1.6884284860749526,63.57106228860492,Male
1.7784965745589614,125.96843883242207,Male
1.759251284575229,87.25167638826518,Male
1.708250084644703,62.78249183222477,Male
1.8554434819066623,95.65358278012444,Male
1.7831149597849156,126.24611450204725,Male
1.7235534000638928,112.65774278857019,Male
1.803729908512074,93.14086360977188,Male
1.8764649147158594,73.83785291763952,Male
1.8462314182381039,88.15379635583753,Male
1.732603813716542,70.93000085040248,Male
1.8327514740909154,99.4730710153607,Male
1.8024149340434037,89.78048236726374,Male
1.8508290371807847,133.63163057080305,Male
1.8223666472246924,112.88392892191222,Male
1.7534211735911007,111.07213785851017,Male
1.7367401907823734,99.07616453240962,Male
1.7588492813949754,71.64777116159604,Male
1.854283759807489,77.9509538172429,Male
1.744945364596936,79.14623643218816,Male
1.7644360577119915,111.5368214177281,Male
1.8557845089495024,116.2985031915576,Male
1.891611578813617,67.38737443745946,Male
1.717627425958637,91.23859372146153,Male
1.9041887837548466,145.9801841478489,Male
1.6414586989463789,81.31070828701328,Male
1.793798937963268,81.32944614564366,Male
1.8316238430146148,93.86478081954407,Male
1.7558341189239772,59.21080143515771,Male
1.8957838075751272,96.66339083739932,Male
1.7967215121883493,129.2590654084107,Male
1.7544608018655299,65.23624116041744,Male
1.8157371001552236,93.01501690395915,Male
1.7145396013909309,88.33918391728517,Male
1.8029104554772255,139.94707410592093,Male
1.7875971273981441,115.39727165701865,Male
1.7428710112533192,100.8379959316451,Male
1.8308201758900224,62.87459798684501,Male
1.903887521783312,71.23421510605083,Male
1.9512681465886792,96.54856749160525,Male
1.7624717864757915,69.66127556826713,Male
1.7090576720237458,108.38102672863344,Male
1.7522018816950955,77.43990152088391,Male
1.7293285627635866,75.55128931619707,Male
1.8433638541406878,119.68967775579728,Male
1.7528210842919345,83.8704159775363,Male
1.829943458874659,106.09309674803693,Male
1.8008712382922873,63.899077200128005,Male
1.7625708913855878,95.92748158077389,Male
1.8476998906798172,98.09341717156357,Male
1.9028702024104618,80.00716035480049,Male
1.7237993612247777,75.0273300315927,Male
1.6594039414826502,72.23229066623338,Male
1.6342536993405201,65.29560001737958,Male
1.7638613737758222,116.23760207361661,Male
1.7234253389106593,103.6406142737002,Male
1.8642474728623282,78.44827428340952,Male
1.7159954400051711,33.45690928066811,Male
1.6684765721578818,81.59931021550952,Male
1.5931908367294287,75.49745792921505,Male
1.7407865611347648,91.73922055205776,Male
1.7551076330180595,134.02699917143093,Male
1.7988965360781917,119.61215178138995,Male
1.7314054970005577,33.826092516894526,Male
1.666814169811835,54.34296776093847,Male
1.7219895627285389,34.40826762268653,Male
1.7266200007328552,68.8140466027932,Male
1.7314339931660314,77.34417453486037,Male
1.7634930521099976,116.03556814029034,Male
1.68304418832916,42.902691622777574,Male
1.7554253109887537,116.04479651224983,Male
1.7845768587210618,71.66472642753826,Male
1.6371426480588882,73.36509350361104,Male
1.7505899622335184,83.29594587176314,Male
1.6061845899875768,49.65681198961639,Male
1.8326926748346195,126.19852213380082,Male
1.6402259102126258,76.04497181821624,Male
1.881333273551632,114.51921706287222,Male
1.8085152468352594,121.44556305933469,Male
1.6720970330977485,77.91017743081142,Male
1.7161836205825771,72.21638940582098,Male
1.6203743976437233,69.58471221709594,Male
1.7834444222745056,135.44064180263814,Male
1.8976731646523333,72.47551545195083,Male
1.6565101153866153,72.67575733581874,Male
1.6732427000006687,80.77914343688934,Male
1.7260035074087496,95.57171686709954,Male
1.8323522110810564,63.61800961823885,Male
1.8870153797184894,94.830341251645,Male
1.909601847603493,93.89908552395492,Male
1.7121665125940821,81.59650009256701,Male
1.865719454078056,118.74471547274652,Male
1.6845367968952798,84.549274669967,Male
1.9082041241415164,148.21733654141212,Male
1.7840346396501494,71.56514563066727,Male
1.7652566653421895,49.502038055565485,Male
1.8498081346266824,84.67531756081515,Male
1.7344931174267637,76.96899107656583,Male
1.782263167579717,119.6932614226547,Male
1.813311758416683,87.67352918584028,Male
1.7644154354476091,116.08311197832347,Male
1.738816207314136,130.78482179468602,Male
1.8063999390809753,89.80863551603103,Male
1.867987859908738,70.27691283625012,Male
1.7610062546822731,88.74055756188773,Male
1.8450749322661095,150.44565997962593,Male
1.8093633841946057,108.57499082662152,Male
1.8619582980555558,123.3262937702985,Male
1.735962806484831,103.64666374582542,Male
1.808793663722904,87.72941999324395,Male
1.7363347978608012,60.582519886824564,Male
1.7484120974474655,58.27909990105634,Male
1.7480554272499547,52.203463746995986,Male
1.7249515727187452,75.93984522683371,Male
1.8037804048630521,76.41646039756189,Male
1.8451041592181978,146.01576514257724,Male
1.7834232760244355,94.15690939365493,Male
1.7759903601524871,63.68410274839478,Male
1.7773312845759102,91.82693963577233,Male
1.827049833301546,69.93708762083702,Male
1.721445522627569,107.9380181212132,Male
1.7832577694755032,78.90065849140773,Male
1.7475406121867516,73.69986825276324,Male
1.6830501104031383,111.3775794897608,Male
1.8510684380418365,107.03165370482044,Male
1.7440281330399912,136.48663296135763,Male
1.7150973756415688,85.91982499120223,Male
1.8468740446307776,102.59677788705474,Male
1.7060365108509117,83.76686798302904,Male
1.7641835445695568,89.31673250268628,Male
1.7706755201645172,56.592301904962255,Male
1.8207640544131405,93.9935631252745,Male
1.7848794653383846,96.33812501144902,Male
1.7899257678320917,66.96316132201514,Male
1.7709477821777577,122.30666966837451,Male
1.758882338902664,137.19699309102808,Male
1.8877660072410267,70.46237875023219,Male
1.8201187241408612,38.235200498934,Male
1.7200323981649532,59.67280764502184,Male
1.900458033945525,98.04044668028087,Male
1.7093650690126225,76.40806120451813,Male
1.6956108803764751,57.31508784225626,Male
1.703900448062331,83.85577003028384,Male
1.7561468850131123,63.02906811233969,Male
1.693029236088235,60.75008882936369,Male
1.7429670752766946,90.82387862649185,Male
1.636417099389896,57.960589965878306,Male
1.9045829892711155,91.85018998529856,Male
1.7379802919704799,63.96163719265033,Male
1.8119068483051164,80.2122024460087,Male
1.8319836325349395,70.00115455519327,Male
1.7142661595607296,74.3046886333128,Male
1.733668340241879,77.5761994025314,Male
1.8296937116845426,120.99867496284934,Male
1.8421219251815177,101.31405101460594,Male
1.6333755403431922,68.66749349648241,Female
1.5825298456188266,57.0868755696376,Female
1.6888032289689878,85.10084484181073,Female
1.6006871958596167,78.55685023683318,Female
1.6077036366237618,110.43109885627847,Female
1.7260506972008924,63.26328093859974,Female
1.5828958601681558,31.25909357171216,Female
1.6355027143652234,66.51748768819712,Female
1.5872401919554855,74.59574771031335,Female
1.4998834110000039,91.72056938572844,Female
1.786391941641808,119.52853650427653,Female
1.5892556933958857,62.65286704703844,Female
1.6280319014243063,62.97201510576851,Female
1.6625660301200547,103.25502689872374,Female
1.605183809227366,48.91650218039895,Female
1.5268706384275157,56.89723477213394,Female
1.6281655941121471,60.19535770459778,Female
1.5739879876094123,46.66011623998305,Female
1.666040941017811,76.94093591395136,Female
1.5314008735750588,56.14251376919636,Female
1.6270550526899392,57.963070434564194,Female
1.5772033379143713,48.55464231700026,Female
1.638961593937974,73.65777297185917,Female
1.5799376991040956,48.81384342872263,Female
1.6655987579782243,66.92620875909138,Female
1.6064501467849974,68.16313053239956,Female
1.550486356146297,65.24767039918956,Female
1.6614124593595592,56.45305763588791,Female
1.7421537312928523,86.55967712202288,Female
1.5601940828414302,104.89705231033743,Female
1.672934904011211,74.52550683332619,Female
1.6548919149741295,90.74642872237406,Female
1.5079662169496948,37.779768923998034,Female
1.6770108154632322,55.80877178059676,Female
1.53477033310365,73.57570744245871,Female
1.6006270644326235,90.42654190186285,Female
1.6095086006975785,93.88285190285266,Female
1.4984872428936094,47.522709892669646,Female
1.6494649187248518,66.07923425346641,Female
1.6705093195161853,107.81247689752864,Female
1.497637945301739,88.55339407621665,Female
1.6428326456312012,65.56226544898597,Female
1.7136342699214293,78.38714740085894,Female
1.6885574366285954,106.9399360983042,Female
1.768755926266188,65.09843926210037,Female
1.5637474781848357,65.65656159969458,Female
1.6277172130974846,52.29025963880112,Female
1.702858384159429,71.10364872886007,Female
1.5301920439646224,52.34372964034847,Female
1.5961784637201044,48.946018322718224,Female
1.5129985787075855,57.63071312424479,Female
1.634717170409782,39.01751017668091,Female
1.6889942440234498,77.99846122554354,Female
1.6799177355350077,71.33643643575047,Female
1.6528993227104878,52.76690746021608,Female
1.7305068979717924,68.8774072034235,Female
1.527673944962539,61.79998070474778,Female
1.6112576716114322,71.05384929742276,Female
1.7084654733353046,88.41185543938117,Female
1.571546716735015,110.5142818100171,Female
1.6620631659530016,56.827683640581924,Female
1.5801391815106436,53.848359818801754,Female
1.6282431821265675,90.21057981173213,Female
1.6341984814068224,50.289043758490195,Female
1.6047006671961013,99.3567035799072,Female
1.637683905123187,82.49026325423111,Female
1.730492687839516,48.22673641378679,Female
1.6221863395895348,93.95542811733883,Female
1.638810214546318,66.44013516440478,Female
1.6711979643005044,86.85775529297011,Female
1.6389539980798462,38.067741758504454,Female
1.5923209939323797,63.53973406514235,Female
1.5815139774503253,98.4455608786095,Female
1.6133998194514143,67.62013391790268,Female
1.5710536743781134,48.952017700901926,Female
1.7510192337878172,89.77290094640551,Female
1.623451798815772,49.60448000367996,Female
1.6430468626399377,61.29391225300845,Female
1.6189288742778352,95.99436906761261,Female
1.59069939998742,45.09178473248403,Female
1.5699816232066581,50.80670681867431,Female
1.6101894098688034,52.1889732544013,Female
1.6207991096151972,71.60151491710336,Female
1.6947932955825555,79.31746704270672,Female
1.5928915649726028,87.11591590261804,Female
1.587166971963657,89.72125726135529,Female
1.6906338834064756,111.1199014321919,Female
1.5428437617662418,56.29461086100275,Female
1.6780540350517776,83.42019406400028,Female
1.6315314811705324,72.03781696613025,Female
1.5700963363785307,51.43614760147204,Female
1.5613068676166872,75.1822606000997,Female
1.6905708157422454,53.730073090257626,Female
1.583900883943415,60.39561799751355,Female
1.5991747063017487,73.81261968876197,Female
1.6185980985144455,64.42135710707485,Female
1.5499769319280308,71.2836291823055,Female
1.63034605246177,88.36968776029354,Female
1.690134890506775,66.49322044967947,Female
1.5406096694363907,83.233850577365,Female
1.7718792496076987,71.68735971960231,Female
1.660064332461095,79.04914844760302,Female
1.5769451549449627,69.65867840771057,Female
1.5685639582705735,72.89378915000376,Female
1.7612430933031156,78.3875898575881,Female
1.6652244483839072,78.33428911622704,Female
1.628424724941089,77.99547370170289,Female
1.5661847633772437,71.14269547134367,Female
1.507178177761689,84.93131450100587,Female
1.5607407948549752,51.85297755800016,Female
1.6844195236930142,90.49055937139778,Female
1.6731310058051314,73.01321241437725,Female
1.6459391107191401,97.78252355908492,Female
1.6328978100741742,81.58260630451286,Female
1.6550479705834753,74.53632457726575,Female
1.6193972866143647,100.98000698735612,Female
1.617477010420495,61.96640756912845,Female
1.5861605880864231,73.58726184734684,Female
1.5893966244321793,73.58928938579587,Female
1.6951559056154806,80.79369241603351,Female
1.6090365865226508,74.40137910719778,Female
1.701543344885938,56.763402211894324,Female
1.6617916441246254,83.66041446621647,Female
1.5963506147306228,63.38250336248256,Female
1.68345240162736,46.1392082183686,Female
1.6209779901075054,73.91481242707928,Female
1.5751727856108315,45.915359470893414,Female
1.772354352168242,86.60321536480492,Female
1.6333618401823242,107.45382254543291,Female
1.6650503207130019,123.64684158047955,Female
1.593005552150074,89.45837961056904,Female
1.5413288990734417,82.52796451143392,Female
1.6634537458790724,57.727020228067246,Female
1.6332396518459573,54.25292305501239,Female
1.5880397693329895,69.99768875892023,Female
1.6563158189470195,71.35224845112248,Female
1.6976859506603676,91.42593775694067,Female
1.5351737694793457,79.98979212513073,Female
1.6935583493872486,82.89419742823054,Female
1.5955698527355446,102.36832046085024,Female
1.6589573284589647,85.07684685257179,Female
1.60562838919997,75.21876640897106,Female
1.5468127815863602,64.74007835943225,Female
1.685568869313623,107.38943986783575,Female
1.5480261695250932,83.78516719408582,Female
1.71970129193547,75.99808804086118,Female
1.5714786578657405,60.741475120447845,Female
1.631214439840123,72.18405860373635,Female
1.6308433932518158,110.92794405604272,Female
1.517564379584491,68.55385175762653,Female
1.6229741651767409,76.57288336901892,Female
1.6646809587723883,86.98446936721453,Female
1.6174088792038699,99.54664893512631,Female
1.6380011939865786,100.35934921288036,Female
1.6000024505133366,67.02918571164011,Female
1.6479297700514308,61.93103334211062,Female
1.5762401161027766,47.92713704174936,Female
1.576400080009411,68.30955052541715,Female
1.632706514920868,61.32326699683491,Female
1.6173655977637065,57.01262374695016,Female
1.6566190642740386,67.1041396445904,Female
1.6233031099555888,55.662432885479994,Female
1.653189386444685,99.27446267905516,Female
1.6254520401950174,97.52883333152234,Female
1.4784162858215026,56.30115130566475,Female
1.6056925222412262,65.8427059642378,Female
1.6299050811484912,61.405343293180536,Female
1.6951029287541755,60.91424654783451,Female
1.713319622039769,82.8901007679275,Female
1.546956512919799,65.77440662563423,Female
1.5057423727485209,46.53269603091576,Female
1.6739956261596343,106.29159032178289,Female
1.640193607199947,57.26818269379871,Female
1.6749213035450226,70.93573320217388,Female
1.6509839465444602,70.18096464314137,Female
1.6303170313786308,92.64901994728217,Female
1.706821118421655,86.93886806879785,Female
1.591195624389968,83.64916194987467,Female
1.7376191347155787,70.17251842314859,Female
1.632457016824848,84.70320893732828,Female
1.7086341371532179,91.25920901485166,Female
1.5228803413494467,72.53378645291394,Female
1.6251592522320515,91.71915844771952,Female
1.6131013601440287,72.16328444288762,Female
1.7119437806436602,115.98857715840455,Female
1.5536120392028567,58.551211540582244,Female
1.7448010045097424,103.39211077884772,Female
1.5545842727824128,49.70678441730144,Female
1.5947417086021736,57.53302788525476,Female
1.5612837788400993,75.06918057530788,Female
1.6669423427536478,81.11016347183688,Female
1.6639768527365002,79.91102409905672,Female
1.56802513277535,76.04185105571412,Female
1.5898325751118878,72.78757054423826,Female
1.6838693786013772,111.5587150126153,Female
1.5361419161819094,89.09706115667906,Female
1.6801478597511823,81.29707248780481,Female
1.5419847221458198,78.20527136622822,Female
1.5355906510297217,73.42691196523727,Female
1.5213901718719771,43.63218762447857,Female
1.706984128911862,90.86042573971052,Female
1.5436031450008767,99.15104176727122,Female
1.5999378395599724,95.64030926881773,Female
1.5679426180288518,69.35291237833576,Female
1.5633607870421966,62.15995030304975,Female
1.637714564137096,51.468855226902605,Female
1.5759818797108616,103.66510587890039,Female
1.7147061507968666,46.0464779926162,Female
1.5902477242181943,63.492078639781276,Female
1.6357975479313849,75.08914866195737,Female
1.7132737636882696,85.83338536470524,Female
1.6965916211333965,75.86618058642532,Female
1.5947024676538626,79.95092708611736,Female
1.564548799913976,62.30652870710518,Female
1.644253619720152,78.94238180788979,Female
1.5033152751235692,61.88247422045562,Female
1.5764408151236424,76.16146516585937,Female
1.654305378125451,69.95300176661885,Female
1.7373625073172543,64.36279088680217,Female
1.67738108188271,54.957626488489,Female
1.6069342866720115,42.24247157128384,Female
1.6209165900788234,69.13297511853577,Female
1.7085968126520663,70.76325823094723,Female
1.697779255801687,65.16274692346062,Female
1.682977798490721,65.73392649428682,Female
1.6555290333342378,81.09479534226396,Female
1.6134076909789972,86.76550287839534,Female
1.6548271235174874,68.8757995457221,Female
1.676736367584066,107.43545147455387,Female
1.584806032752421,72.92559063321517,Female
1.6771901129843243,65.31481419037404,Female
1.6995784452739875,92.48856450270445,Female
1.6020266474951876,65.08801880488797,Female
1.5702531790356107,86.35934573501748,Female
1.62514014259508,77.62094906071997,Female
1.6061820961670206,75.53128774264746,Female
1.6429559682103296,101.64495133402227,Female
1.6081162236896456,75.70835440831054,Female
1.652361136632082,77.84013936770893,Female
1.6877245299598966,91.18836201354553,Female
1.570365320413498,48.55337109149456,Female
1.6799674917310647,65.61030203057159,Female
1.6163616751367151,86.78829804146801,Female
1.6439989557889154,63.3561200179065,Female
1.5769621834685956,55.33535342134927,Female
1.759928715643105,63.23356332071116,Female
1.59798544405407,73.83761585794694,Female
1.5905772582218054,79.88169911569518,Female
1.623103088557807,69.83521781369691,Female
1.6627769424762215,81.66796717920629,Female
1.6695050123021562,54.17880018187143,Female
1.632469324710285,57.21594898710758,Female
1.6294987365478926,40.4915217279503,Female
1.6426827861718245,95.87211162432031,Female
1.633169624219901,99.2320917249917,Female
1.6568456664037634,55.6619811674881,Female
1.6505722697005307,75.19041431902838,Female
1.7394680667722624,72.01718591917154,Female
1.6886931038380237,56.36134820622677,Female
1.5156610179664196,56.314833837251925,Female
1.6274374724253406,59.59576164484102,Female
1.5529673138187912,91.11478807302464,Female
1.566914330027388,82.98424966288881,Female
1.5745465942354915,52.45399024093417,Female
1.5481928603534052,63.03547519162921,Female
1.695250376222709,107.76690402823553,Female
1.6211762322417724,66.90783990299951,Female
1.5909032965596988,88.01229537293332,Female
1.6850350070188462,68.18353727402719,Female
1.5664566779809326,60.733467843500996,Female
1.6613429191707711,61.93484586380956,Female
1.6069585079309183,60.5248555522945,Female
1.7482943610433181,95.54859307651296,Female
1.5870638895719127,75.16574549811752,Female
1.5333092463224995,68.95680639771777,Female
1.7012797468409335,114.01240495230654,Female
1.6638573141540653,64.90045311555919,Female
1.6318158943037977,103.09998550394496,Female
1.609368012868691,47.441340878114254,Female
1.6514350063985188,57.796704302715554,Female
1.5976310689335407,75.26197882609897,Female
1.7097355986562366,74.9403974778603,Female
1.5848310672608752,68.03229853020873,Female
1.5765255905068134,35.97595154645997,Female
1.6165162574825471,61.82128666339615,Female
1.633591072020173,89.73441400425203,Female
1.5630566011391118,72.19469562869129,Female
1.6677250697326724,76.9355546112253,Female
1.6466217593438544,72.36906064995928,Female
1.6099470919182195,58.980950870517255,Female
1.6118152698989514,72.91680620848862,Female
1.5884053328106906,88.09082005923175,Female
1.616297047438759,72.74110781151305,Female
1.6203621245411746,115.97471329483228,Female
1.614848707997107,61.05593034302118,Female
1.6476695676284376,85.2584823966321,Female
1.6694326311188417,99.72376759326649,Female
1.6661840439871363,89.41683690989191,Female
1.5788472403822646,99.30859244227982,Female
1.6302283324435791,64.4212801537427,Female
