Height,Weight,Gender
1.867259176574025,88.2568139644382,Male
1.6915098734001006,82.53208044121813,Male
1.8086542667885275,92.8031868023978,Male
1.850949772177748,68.69887989946312,Male
1.6704960170721916,70.67148114777187,Male
1.877415090279099,95.24695819685384,Male
1.7636332944574447,135.36377540217535,Male
1.7677847008769918,106.47931029675995,Male
1.8348053672559854,98.24975120350747,Male
1.7379458061992983,76.99692309689496,Male
1.708120653958951,96.14706871882149,Male
1.7869085697114875,74.02805172460045,Male
1.908014498231416,104.86751279409802,Male
1.7307087496096387,87.28109438154658,Male
1.871545636215685,120.28378429599782,Male
1.7857552618959227,120.63454358030206,Male
1.7810530173111112,89.84602663168985,Male
1.6618867956930692,100.79905162931848,Male
1.877018404581678,110.6284393423045,Male
1.9667976484388905,153.8371668962553,Male
1.783787200189043,65.54380636080025,Male
1.8694573480769876,121.73003568175022,Male
1.730473256042726,67.71751840443333,Male
1.8266750155232918,90.56276941221998,Male
1.7189917024741417,67.05860745184935,Male
1.9724183227807628,99.08265186267738,Male
1.7525162509920966,75.50468627095351,Male
1.7288499113403315,73.01824479711429,Male
1.7127001728715685,89.50881202116638,Male
1.6870843683552013,65.16835332197597,Male
1.7470974225659617,105.98123436694506,Male
1.8251528583457288,98.74001943669512,Male
1.6584496491094718,81.69845068068432,Male
1.7312310901747663,57.41709041050088,Male
1.770494035610353,121.09767547526049,Male
1.7385077856722035,65.2959998584124,Male
1.8199817372160734,98.90549421355858,Male
1.7184582310207859,104.5788133261427,Male
1.758722615486101,64.0073701427455,Male
1.8038328215993127,83.24668005666848,Male
1.8064762690820606,96.20099576112318,Male
1.5865893074194175,53.540738489442816,Male
1.7211327145949713,83.8321597983556,Male
1.5780886570586856,88.49256907983528,Male
1.7117701613434688,93.66061104794319,Male
1.664874870109095,74.53964317088992,Male
1.6404176965187642,70.0617938081097,Male
1.8820331198415294,84.37206031458189,Male
1.7930719006708316,64.27386753488788,Male
1.7869687742633864,105.65944131436152,Male
1.7107707313537588,85.15691223993221,Male
1.7319015013982664,114.83687447612861,Male
1.6984287642537468,65.0323309491607,Male
1.7646850457452867,65.75171504259711,Male
1.7851089080186973,75.10127106012376,Male
1.833138320102161,84.07413647494907,Male
1.681077029158891,69.12450491060459,Male
1.8667499390706712,97.94333772594183,Male
1.851170446378341,120.21712954168997,Male
1.7568735877305501,128.3520538454591,Male
1.8444503225618647,76.66982523179873,Male
1.6804642046169374,54.103811022668836,Male
1.8142094173555492,89.0596449064792,Male
1.8355967874043453,107.5822613476915,Male
1.805286291092323,67.70998085556991,Male
1.7906291751367218,61.042177935710306,Male
1.759001365790142,88.55340602900621,Male
1.8181930555188404,70.94140732820104,Male
1.8436058675305307,90.9464823808965,Male
1.700006459769032,72.85184833431678,Male
1.7382924357364897,63.72922884077277,Male
1.6428845204221767,93.60289280117777,Male
1.7297982064909598,55.54879149281923,Male
1.6856609901693609,92.52301802668465,Male
1.685445701640458,69.61568855233745,Male
1.8680928762474773,99.29688103505121,Male
1.9322998313243251,92.68711990909694,Male
1.6811308409346264,72.53537454450061,Male
1.7465378282814552,85.9371499164061,Male
1.8058777601331253,73.47885342000113,Male
1.7135890806047955,101.4147975103786,Male
1.8360429605875723,99.29699413890245,Male
1.7809760220002473,98.86813258066304,Male
1.834208513128138,117.18814229737566,Male
1.7906618247477544,95.44794152894555,Male
1.8331312440434333,70.34705706040651,Male
1.7112242704654066,76.17070952576118,Male
1.8056236213659411,78.44890632582066,Male
1.8429947421887838,111.55803048709848,Male
1.7308102467240505,91.50984775456271,Male
1.8523671018464745,78.07663011842563,Male
1.772293420347692,66.83675989231655,Male
1.7402380024919182,71.38855024317432,Male
1.746625287328157,62.258235518036614,Male
1.6366490601802746,72.35241344624653,Male
1.9392175730389578,76.82201852265145,Male
1.7695457116803026,73.14557836095706,Male
1.7751994537068436,73.57819025616166,Male
1.7624420148391373,118.78287901932052,Male
1.821159162988971,92.41061146496317,Male
1.7848068192225526,90.81283397212094,Male
1.8000008325546535,79.2295996020674,Male
1.7912731097943777,116.92004721967199,Male
1.8363415375164067,102.8944075371166,Male
1.7959495328481208,98.02609742057172,Male
1.744321958738684,80.95546674074696,Male
1.6177564455781763,67.97654669249735,Male
1.928239431338203,71.41005321459038,Male
1.865041995730403,138.74730529724962,Male
1.8947074276839622,109.5048135059948,Male
1.7733798343746958,119.69343147952262,Male
1.7482401536746508,106.64501482927355,Male
1.682103503614424,69.01723444766655,Male
1.7369226997778286,66.91768485020684,Male
1.6664060093619646,78.80011918722813,Male
1.7016936420979325,53.99765724967574,Male
1.7176438104077887,112.27232445035128,Male
1.7607375802302787,134.53975112708903,Male
1.706395901426244,90.01549132225374,Male
1.6709900643873004,68.63219616398365,Male
1.7041709324054886,85.90720468284718,Male
1.713549571395179,69.10868212774133,Male
1.803231741805385,106.02564926175039,Male
1.7508321142285836,109.93247863664614,Male
1.6966096288925434,68.19096028020887,Male
1.675924848730513,88.76564647601982,Male
1.681094402266455,53.2131694745782,Male
1.8048858308514528,83.70777395240779,Male
1.7813924245397588,83.17682786516822,Male
1.7486266516273252,83.75638294645552,Male
1.7587002000546275,77.97851468652696,Male
1.7310359722404238,66.0892922045155,Male
1.7934366932427555,90.04437020576424,Male
1.8292228290421042,98.86825413449206,Male
1.8270262880620443,110.80530455589503,Male
1.7426678096730475,61.44388021407665,Male
1.7454037934439703,86.37806104500355,Male
1.8097056090868622,78.73697318705912,Male
1.8175925829728419,110.82853649979486,Male
1.8418061500554712,65.56546094791177,Male
1.9190142917669937,92.82515852590679,Male
1.9092987392342244,82.79088096335346,Male
1.7577593833148841,67.65343735834364,Male
1.7219686179653706,55.8987805342109,Male
1.7680670417536513,71.27876807425447,Male
1.695078720189188,57.58348203575147,Male
1.7328000130720265,77.98319675232037,Male
1.7414636377690562,57.40177685475101,Male
1.7188455654122068,87.15810308644913,Male
1.7785935334209515,69.2208915949957,Male
1.548898442788984,63.131622180201056,Male
1.704710308460677,79.7159575918036,Male
1.7116716685149793,72.08278567282322,Male
1.7938386820088505,82.61029466649062,Male
1.8443040075220984,124.44519530396855,Male
1.782566747357727,122.28103183887113,Male
1.8556304460173567,119.12884481743696,Male
1.7667559933597556,80.93399423819078,Male
1.7587726582945924,78.70929373667407,Male
1.8541653569141547,95.60912591449022,Male
1.829987067880842,93.62212060094308,Male
1.719059528428963,63.574542728702774,Male
1.7352385105295793,119.7159519727052,Male
1.817679612668041,125.19062321260807,Male
1.759162427484927,82.35402285813524,Male
1.7618300508225386,67.97379257669836,Male
1.713981502183213,94.60313466307433,Male
1.7515936457250525,84.92235963480707,Male
1.793424563475494,140.24771464147,Male
1.7075408508661356,105.66828879560491,Male
1.7695597876968119,93.53653585106652,Male
1.6817200234979959,48.37075710016296,Male
1.8475279521466974,73.60845138444047,Male
1.7668847637003708,118.11259700770928,Male
1.7424642250133333,77.3046849496789,Male
1.6635283539258356,63.866590898745585,Male
1.646401949399732,77.42684525907605,Male
1.8708532383335745,147.06611157477124,Male
1.755438245090865,117.3199382734046,Male
1.8352202694615856,66.39803023767494,Male
1.7728376616695933,93.00773979900481,Male
1.7989935982766494,116.9643230054727,Male
1.6966908617328047,74.93065718383438,Male
1.7305346068596648,95.36613163630699,Male
1.7760274197980224,98.51576468215373,Male
1.7574399714226232,65.83752919809822,Male
1.7756903323986177,140.9593278234102,Male
1.7189860684375804,126.94142357008155,Male
1.7928486697121488,80.76392155219374,Male
1.8012453495725256,71.17326926676125,Male
1.7369753545097963,93.03619377806803,Male
1.8908709553315055,131.25566719834654,Male
1.8350794560599517,108.37526916491699,Male
1.7433457993149337,114.82117288079213,Male
1.7808674713914348,115.59904181461188,Male
1.7674189419770818,60.42230381710743,Male
1.7361669910372148,97.41522192978061,Male
1.7467233511643874,90.16434515883758,Male
1.642116330164618,77.43548287150442,Male
1.8967020025781267,91.8305643859689,Male
1.750505707577228,69.13058976634613,Male
1.751321528780045,93.10823218808875,Male
1.747557920240264,67.65887267390387,Male
1.8408100031893702,130.29066676010117,Male
1.6522098716753475,52.111853201870915,Male
1.8601029975818335,111.02995989191704,Male
1.7474820310969061,91.77187892875612,Male
1.7449980899998232,104.66781730175012,Male
1.8455618160038068,146.9326142793578,Male
1.8677854238696259,109.25694575324333,Male
1.7606184128285784,67.52951284103796,Male
1.7237368319797972,106.63383162689126,Male
1.7144874583812904,61.62653435158741,Male
1.680253760472906,84.33265115156908,Male
1.675423617201326,66.73536253588838,Male
1.8031023638243646,93.914332820259,Male
1.5923198165620034,78.84837210261537,Male
1.774227287123305,63.05418064463431,Male
1.7835837531608632,77.82532501564552,Male
1.701470588688571,80.20206816937859,Male
1.8481464593929966,129.52069113825212,Male
1.810026490269872,96.79030891365363,Male
1.8351790873893379,99.08846210346496,Male
1.7502989189958864,87.9458047887129,Male
1.6801161137056555,71.33684646489641,Male
1.6314420619335823,83.27782646688705,Male
1.6497766672377516,76.11791210934976,Male
1.8731002618436685,96.41523435065974,Male
1.6803380640875085,78.13580916874044,Male
1.7822301647496694,73.31055462561068,Male
1.8102290059628396,101.11889655010344,Male
1.9518762025384546,159.08578464530396,Male
1.8561346594662356,88.364415388331,Male
1.7992217969208173,143.17388940986737,Male
1.6290155988597033,74.13848991199697,Male
1.806691448350399,60.46525310373317,Male
1.8773220639953547,102.82479789427633,Male
1.6118864811036442,87.26288159396665,Male
1.7926279646490422,68.93481544871743,Male
1.8294336210526003,114.60159118827517,Male
1.904968687922107,79.64468558042914,Male
1.7750587780226192,89.9670948318138,Male
1.7859875603381368,125.6413607890332,Male
1.690209255736887,66.27324036780719,Male
1.790517564437279,85.97426261179503,Male
1.820191646986029,88.03403026783445,Male
1.8355063286252982,144.14481542592452,Male
1.8530024778060845,63.66868329076815,Male
1.9237603294862453,100.58012352127999,Male
1.819017990785004,108.6933625311816,Male
1.7343795359602516,88.80205646934972,Male
1.8350111071299393,88.1291909107955,Male
1.7063044542378765,81.87574316471922,Male
1.8456408661958048,87.42361626338564,Male
1.732106457268543,47.92813625528737,Male
1.8067675638224927,84.33954536259735,Male
1.7346227284852096,123.51234759025742,Male
1.7918486550519324,63.868805618812004,Male
1.9656828385066631,56.3460879719174,Male
1.8670090263326444,87.96698610754021,Male
1.78687948053705,74.92343480363712,Male
1.786471105462712,114.88630117881185,Male
1.7823292960795636,74.8600033323619,Male
1.6390229029674734,61.37317389688623,Male
1.7905648935880167,75.42599017999224,Male
1.6986480598294305,99.78822611709741,Male
1.779809100716415,136.06455269216167,Male
1.8803335971171702,154.3784742318458,Male
1.8013692213255006,94.27747826219276,Male
1.8944779299620225,94.84508356731997,Male
1.6813090096577898,81.724974556104,Male
1.8688553733246736,105.10154003614505,Male
1.9062855755284205,75.88910774257572,Male
1.6663155889939572,77.6460464611336,Male
1.8749939500025417,116.32567958273064,Male
1.7952287695121287,91.20020545690495,Male
1.7637456863733016,69.96364016157621,Male
1.843383347551987,96.79979639864494,Male
1.6154130007484158,55.58398271545635,Male
1.6674017938678751,81.74071765417553,Male
1.7189513594742747,80.91997237630133,Male
1.717306167103193,76.47256040986031,Male
1.825115199569798,74.44518351924688,Male
1.7563859657027836,47.25699131405645,Male
1.6337833832593491,50.83913406740363,Male
1.8638635628958296,133.0998478336184,Male
1.8256000321364276,62.72789445185987,Male
1.81685668633588,86.46576737301942,Male
1.8147036545390787,118.21790121772906,Male
1.8281131115251883,85.2451140621721,Male
1.890037103097901,80.80639142741421,Male
1.8170130147853185,63.68859988649621,Male
1.8862586452383199,93.45809992704068,Male
1.6909882184433622,74.3141373063575,Male
1.8347067856735118,76.16769349837196,Male
1.7384734306991647,79.7576680737802,Male
1.8028012898726937,71.99887297557201,Male
1.6470038859024843,80.16715040573713,Male
1.7767659832045957,114.15380579623965,Male
1.824937441826213,129.0303347649914,Male
1.7718114312976678,85.38556493834322,Male
1.695101688857869,72.51086567034136,Male
1.778804737037391,82.82308246814131,Male
1.7016578974091559,79.05983235895712,Male
1.70529254463981,68.08599648838099,Male
1.7026935373221561,57.55161358095937,Male
1.8462843788398273,118.88761933571708,Male
1.8264047462097706,70.17524202841653,Male
1.7974861675414615,116.45391842370174,Male
1.7098377993512741,44.34570827601455,Male
1.7526113500882756,103.36421137976886,Male
1.8676482392457825,83.12203880025527,Male
1.7067009742811925,101.03867382900992,Male
1.725958155795187,95.54347062126807,Male
1.6761798335540208,76.218491732259,Male
1.8521475368143496,88.13246764187977,Male
1.765860435655493,68.08553827342038,Male
1.8752440139263626,128.7309824359676,Male
1.802792303702799,96.37982003849348,Male
1.6736593465049423,114.80805210463552,Male
1.9363667101229394,104.9140446224398,Male
1.6883789520238386,104.10285464371889,Male
1.6385238655090413,49.71981243186305,Male
1.6705509070542726,108.21019745925432,Male
1.6856600762533178,85.86386781871362,Male
1.7771583750756281,64.10050326670648,Male
1.7944657944977707,47.08780651090267,Male
1.7207246532683493,82.0713316588947,Male
1.7143347641898727,92.49416469954286,Male
1.812890713286409,72.2003992857922,Male
1.7660984712165477,74.31454932992571,Male
1.693495895517779,72.51378943202474,Male
1.8595192255268815,82.000719067931,Male
1.7488586735321077,131.18106290061976,Male
1.702164075762282,90.31522991401968,Male
1.699813980617828,89.37891979281537,Male
1.793635224556365,111.58130591513066,Male
1.5875819527516135,96.91183872956668,Male
1.787010615702282,70.30608323935502,Male
1.8267198329265841,106.85262839612912,Male
1.8120565879894286,93.10401387741379,Male
1.7713910962216761,97.53193342935818,Male
1.7872073628980736,86.81616509816202,Male
1.7144526123238568,102.70501586067972,Male
1.8200934687938837,67.8835993181511,Male
1.7779036317213732,45.44574126121352,Male
1.7839806245963106,100.47459481321103,Male
1.7672141557843841,64.91015873015502,Male
1.8111589027952977,140.27203207389942,Male
1.7601603282812242,115.97935382698702,Male
1.822849858461808,82.52030824566374,Male
1.7432272966268496,57.77475171458093,Male
1.7708337946066457,98.03988022408465,Male
1.8258326703005892,134.3151698780663,Male
1.8405809549818322,118.93039730444308,Male
1.6310722125562394,94.50156981885326,Male
1.6830035331914104,74.78252884690629,Male
1.7483702595767638,78.5826266975102,Male
1.748347915470715,92.90728870826511,Male
1.7929323073441288,69.6347267395188,Male
1.6192193514103872,54.020699962244066,Male
1.7726406195981965,87.09398705147454,Male
1.691682583760141,79.66442927071908,Male
1.8744867661938356,92.29330990846967,Male
1.8065277510984972,114.17562618780106,Male
1.7179269437272067,55.028169544319546,Male
1.864941334334777,86.98387609026464,Male
1.758796469968873,103.77477172636229,Male
1.70829175519879,78.51605342213144,Male
1.803521314646743,69.8100768301622,Male
1.839476757747006,92.62882335908246,Male
1.78546963738556,71.60246570782587,Male
1.6185031619259151,53.119701932191234,Male
1.6001350752450616,75.5193275913635,Male
1.7762912633895251,134.93815651721147,Male
1.9417816021469787,82.4082838962267,Male
1.7208554493940849,85.2988225315623,Male
1.6404545475949772,74.14749318047059,Male
1.999878577188892,85.12339074756407,Male
1.762408404335586,88.97959805846922,Male
1.9118827177646864,132.56015885224156,Male
1.8044145003507523,125.03010545234137,Male
1.693327277697703,84.39863904822666,Male
1.7921353821183736,77.88621949323192,Male
1.7074813511446087,100.75584802888828,Male
1.8036007075238758,81.58540742877435,Male
1.7853706479064257,79.94499020335107,Male
1.8042639512186982,83.02359713246788,Male
1.7830752199810957,70.23992141836408,Male
1.7855798991052283,81.50431456820314,Male
1.7294158763356418,80.9092721488855,Male
1.7873611439483057,89.39669787318915,Male
1.7716061606302032,113.79507288461785,Male
1.672862987527881,103.08233761668394,Male
1.7946885172762652,83.00897483042637,Male
1.8213248223356016,80.45251671362307,Male
1.7420288315724806,89.10803221783257,Male
1.9152613712473694,94.33108713366599,Male
1.7156700457466314,77.25651336864975,Male
1.7470340069068333,118.88628091937699,Male
1.8098768146463597,147.2778423931496,Male
1.7578552083312047,55.18372123383805,Male
1.6486422120796491,53.666285003724944,Male
1.700342931165589,57.37645267978487,Male
1.7295724671754718,66.99366888533454,Male
1.6768428793486845,76.23535855763899,Male
1.7508487547337455,70.7923445480296,Male
1.6411673207704018,114.21716344759133,Male
1.7454822996251633,76.80758664753998,Male
1.8757590084719922,89.8218981095869,Male
1.8935133658788141,142.04489589923054,Male
1.7183400399532496,77.47953173158855,Male
1.6671633805215111,93.68478618894913,Male
1.8319758441411633,81.41628050099379,Male
1.6941985527584689,77.7375971596599,Male
1.8611044997276083,119.06365675086573,Male
1.6896253125800131,55.483943258363695,Male
1.724654022856815,71.6302389568759,Male
1.7446447203429662,78.57754356169168,Male
1.759633656278128,113.23374992497729,Male
1.8305660668259702,86.08079343042596,Male
1.7056010834386008,83.75684216896809,Male
1.7736911843829188,76.59996323483152,Male
1.7658063753475965,132.1763500677106,Male
1.745668069729623,88.14214130101453,Male
1.717644090384011,58.20717740332523,Male
1.638659200620277,69.47384406733848,Male
1.7974296828629073,112.07572768980022,Male
1.7449399385240083,58.553129921197225,Male
1.796980838880726,68.20128708082295,Male
1.8118371782287612,115.71765164205563,Male
1.7976888441411893,94.83492980782972,Male
1.6721075580174452,77.11943895954145,Male
1.6132232295208988,71.25320521017707,Male
1.8166610966717676,102.32130259473954,Male
1.7828831799822573,123.45556021788649,Male
1.7255066704355846,68.14190930385246,Male
1.80065668235471,97.3467507009647,Male
1.720260409904863,83.59140361252304,Male
1.79385453666288,60.025875319564975,Male
1.7586259372693818,74.08846836932399,Male
1.6350745035581065,55.32972584176765,Male
1.8171883820868309,117.81922682155393,Male
1.729983699228756,78.74449465669795,Male
1.7673475731248536,137.38832917366412,Male
1.8215808114323047,94.01646562869867,Male
1.842346590130191,65.28129129259241,Male
1.7641779808064388,84.31658284403733,Male
1.843875617394395,133.15103022153326,Male
1.7596943561586884,71.49578459751552,Male
1.6034150222322021,79.21953804993366,Male
1.724308732498868,58.74287228307604,Male
1.8242787358747556,88.77491125237698,Male
1.6327248463913622,76.6362725313297,Male
1.7855064629605224,101.67588771955847,Male
1.7362700551267494,76.26768996198903,Male
1.8224453468355484,94.42837187931696,Male
1.7448328483591127,86.62269670959294,Male
1.829594779587769,99.76452559251274,Male
1.7650125150660332,84.51299727751115,Male
1.855112976077022,86.32660799660712,Male
1.809438204312621,81.50599610662056,Male
1.895069281389821,114.02499936606738,Male
1.770303838333723,63.058918110973075,Male
1.7728464540781386,119.62783711898471,Male
1.8330391823713796,82.4722840246792,Male
1.6801275352938199,92.57241504639197,Male
1.8318805447286124,97.63132609834952,Male
1.8792451809170552,79.57407743403925,Male
1.8433037439578197,85.68415026193641,Male
1.837131137327001,87.93497321979793,Male
1.8939491192456317,93.23782089681062,Male
1.832536910614766,104.44464527212939,Male
1.7904333832733224,70.19256803775369,Male
1.8664872757469217,80.76736755978634,Male
1.8912600398015798,88.402644354737,Male
1.7913106114489554,81.09043196845194,Male
1.8563648365885264,139.94776404169525,Male
1.6391904693068968,66.41961816551,Male
1.8465533023938776,86.96489333181975,Male
1.7761591027324426,77.61399198138983,Male
1.7837385336815306,93.60374346444023,Male
1.8027316814395378,92.46880041717611,Male
1.7483297214641427,84.66037903774463,Male
1.6455035313942552,56.156253280616035,Male
1.8091257278078399,97.68117277249372,Male
1.7276198835521503,52.932036539307475,Male
1.8125282967389296,99.3637838706771,Male
1.8669269696132946,70.93812316949092,Male
1.8226411051113467,86.31386202315556,Male
1.7840190382915466,60.85463623231678,Male
1.7603978764008168,127.89649912705201,Male
1.831820300622141,65.13183780403256,Male
1.7545937149507518,78.9569477907946,Male
1.7159441693293642,98.84290509302899,Male
1.8109866316762784,105.40126511017954,Male
1.88141566877813,124.25048565981312,Male
1.728023436780392,56.31911808465298,Male
1.8107821007620777,47.03489453336338,Male
1.7089041679836714,74.64937421698303,Male
1.7003321600420438,77.46652520501736,Male
1.7982846145223963,80.00331043911079,Male
1.7077086580063783,76.48637277311165,Male
1.7388184161125926,85.67751751639355,Male
1.8010529873114225,67.41912277456603,Male
1.903594644727315,124.17431160836621,Male
1.8091033116149098,125.74248006860732,Male
1.8143270040048796,68.76939369373733,Male
1.744720227275273,94.86092292698476,Male
1.8092839499077602,140.40785366268148,Male
1.8143810217902818,78.63516772463846,Male
1.781352247106837,60.89956774742471,Male
1.7918196680279275,95.46393474114139,Male
1.793733374852642,114.38191930247436,Male
1.8089899737824118,73.74617638094178,Male
1.8712203225189359,94.72496699759198,Male
1.7278669780828013,117.7896122419995,Male
1.7809137889373674,94.79522739185403,Male
1.7495412229515759,71.40196028056255,Male
1.7376238787016,74.5480449363416,Male
1.6804529113727693,76.91884908031068,Male
1.7283529273016816,86.701369629863,Male
1.8117936335220108,87.14961068687919,Male
1.7714105553668675,87.31728688227784,Male
1.6954511639890046,95.18192573631853,Male
1.7162495318996789,66.2873235375356,Male
1.736323462023656,108.89858626174451,Male
1.8335475508528674,114.08573236297345,Male
1.8366845312269786,94.95289359689596,Male
1.8813832108080888,138.1198949478366,Male
1.752351221963588,106.75336682823327,Male
1.7876224827541918,85.21539498776242,Male
1.7092559616482996,97.27254386486956,Male
1.7474333701626745,88.86766550621206,Male
1.7903875368140276,99.27220770200717,Male
1.77978557089033,85.75644529203481,Male
1.8203432503164498,145.01192719208518,Male
1.7811845265445632,68.99013104062685,Male
1.7556940443411408,119.68054976804737,Male
1.789423252138778,87.25608737480395,Male
1.8040506263238785,79.08068688390291,Male
1.8677034741328236,139.01545295605965,Male
1.6635383867181435,109.29035401103273,Male
1.7074755381484352,78.3031403815344,Male
1.6315359666526326,52.56582505213465,Male
1.6610158958440508,99.78091172012749,Male
1.74860214421796,109.62935159883888,Male
1.8762139248892984,84.41832930635161,Male
1.7998801665431785,95.7956195286471,Male
1.758978158350481,57.95806080731469,Male
1.6043967680572286,71.91369894329321,Male
1.8472572099664446,107.30497894142505,Male
1.697707407910996,60.60227206917491,Male
1.7228001983622827,74.92865620507118,Male
1.6721236188500148,74.38994470916728,Male
1.6890808191641835,122.29961065157995,Male
1.8623864152255518,139.76947517890295,Male
1.8179766650514952,94.67917317862634,Male
1.7443867646819229,81.42510955855484,Male
1.896043616284207,139.34677083272297,Male
1.838670705874301,86.55282926433027,Male
1.7359049379324623,85.13344923100279,Male
1.8671462383616566,93.27931747781597,Male
1.8219926279245175,102.83434162061916,Male
1.7123958713368383,73.57589442698738,Male
1.842850736333782,92.1443160779314,Male
1.6774881197188856,126.54672328299387,Male
1.667911421469064,58.94842772556711,Male
1.8214422211313308,92.84912640011797,Male
1.7158836563306141,94.9888113495824,Male
1.7431107131622925,61.22819917029705,Male
1.6938955903129744,77.50160308920798,Male
1.6335100613026532,115.25110810932549,Male
1.6374229361699744,50.48021670877644,Male
1.7328434944419109,114.10621183667564,Male
1.7992974512233013,141.91796435678484,Male
1.7670624977315716,70.38688627873054,Male
1.8216004539148625,80.4422077298867,Male
1.8224911686590486,95.15628786956171,Male
1.7619348964498212,70.56616747811694,Male
1.7008197250052683,67.20205595128785,Male
1.7386408483106492,72.00560193239978,Male
1.7829940745342512,92.02981908263426,Male
1.9161257078397798,140.1501823925414,Male
1.6589225668009597,73.21491900768717,Male
1.7012054940629187,95.05502692582706,Male
1.7238264719242908,117.0280281560954,Male
1.938614254511828,122.66876204778328,Male
1.9645418846845428,150.41476536861956,Male
1.869850475962486,156.31378050633936,Male
1.73172879825229,67.07954321057258,Male
1.7684464846018342,96.47751109097096,Male
1.8240085049297208,126.33319487468066,Male
1.8169616893619571,96.99278301339466,Male
1.7622170279445293,78.88828386306334,Male
1.81442521185813,95.18861627089083,Male
1.851015108547415,118.62864345498747,Male
1.7288373767102927,85.8051578594595,Male
1.90770805490178,98.81834077829535,Male
1.7673332854393875,83.64971770680879,Male
1.733450038579159,70.55298429357008,Male
1.7902993702801644,107.94744169671483,Male
1.8309680937146977,84.2177889821003,Male
1.7869005888733707,89.0495531482786,Male
1.6903413016256164,77.3007217491632,Male
1.735266078455482,124.07395153583244,Male
1.829707257296921,58.52488435807427,Male
1.8260679632454437,117.81763545111112,Male
1.7862851003938944,73.10217686714358,Male
1.7675354950039504,65.3609291221649,Male
1.7555226234983379,123.78682574460795,Male
1.7306042924163696,97.45964918711019,Male
1.707680619700132,58.22176060055172,Male
1.8391206781297966,87.83851012276331,Male
1.9135536288794173,85.5335461087694,Male
1.789281458126629,89.53912213686722,Male
1.7605231121357456,77.01180814494931,Male
1.7823510939139513,105.96742183834422,Male
1.7643245154566976,126.34494100167473,Male
1.8509009819524587,68.06057538573069,Male
1.7947018952130347,111.0053929532398,Male
1.719758768850191,81.75833013838125,Male
1.7450213120188354,115.49097001985044,Male
1.8200744965793134,114.73754781344344,Male
1.8531592275334927,92.39810866243538,Male
1.7564292207070324,59.65387927604872,Male
1.663655243199297,100.60531139659939,Male
1.810802411032874,84.81616764971679,Male
1.8498620838464086,73.10515480080045,Male
1.6452305376246423,103.37933684268877,Male
1.8696883483837694,69.4187709059448,Male
1.8484808282773337,90.97096488720184,Male
1.9252730682202406,76.84893373727105,Male
1.7891641254298631,61.19627740218858,Male
1.9104704098232086,118.74647230249839,Male
1.765612437956845,94.71106985087405,Male
1.6785380516823039,122.41158112980024,Male
1.7280613065552353,70.94638837990732,Male
1.6931388087073542,78.37574763397804,Male
1.761473788101256,58.79329696880119,Male
1.8795048274236834,138.57138767948632,Male
1.6805067610402213,77.87215878456627,Male
1.7053950325510405,59.63083834456942,Male
1.7256180767646845,104.49775983063054,Male
1.7427552166461329,79.15082243028286,Male
1.8053269394999796,67.77481766730065,Male
1.6095690867848202,75.66658734988346,Male
1.6946863110434303,108.19109368574303,Male
1.8602702687156756,127.56946920194294,Male
1.8688268998937283,66.8847019717836,Male
1.7512615132326042,64.024030216868,Male
1.7655819814251743,122.43488334178272,Male
1.7030053414627193,112.5170848108383,Male
1.7509354885167534,85.29088666776806,Male
1.8929176526618352,78.11604255352533,Male
1.9313469996968808,159.00199774414745,Male
1.7134710178020334,88.4380532640495,Male
1.798825292106836,85.39478172943463,Male
1.728807991998907,82.83401890915302,Male
1.7625628343552244,46.0597758208381,Male
1.840543591273555,76.43690568953409,Male
1.7988267909721396,73.44516534815831,Male
1.7893446461818072,109.19957348423556,Male
1.7715161434582394,80.61292340636497,Male
1.8177971507885087,92.54888995370452,Male
1.825425445359053,83.31203101146838,Male
1.870449599141393,74.85567372181296,Male
1.8647086491547333,89.22301003560112,Male
1.7713846964155884,61.14518254397338,Male
1.7708117409628574,93.20974871457976,Male
1.8489476419829438,121.81681777900845,Male
1.820460374942605,98.26899301476786,Male
1.782052581499558,69.16622282715929,Male
1.853522819439718,68.33055829602291,Male
1.7923813039116687,90.90675806723944,Male
1.8126592848364464,95.20269468721251,Male
1.7281868488274308,63.66652981596016,Male
1.7977481371503417,80.92653906496557,Male
1.7794196297521867,119.3034978082221,Male
1.783750193122489,103.03147069168678,Male
1.7520694015556069,74.94582865334972,Male
1.7383284895777573,57.44410984860077,Male
1.7298625976509572,109.40816663821738,Male
1.884246498026888,66.22366156864359,Male
1.7413949809817282,58.566755873271646,Male
1.8697861986107052,79.09668691799018,Male
1.7089459657332429,83.3537388418283,Male
1.7521440253996892,121.57079606714352,Male
1.7671966385547586,127.55531908563343,Male
1.7714802318464253,121.59560894659145,Male
1.7199321149060187,78.09785702602618,Male
1.728720707860338,63.25493827427506,Male
1.8085225575670822,79.98504455137487,Male
1.6712296695438889,79.17484311566295,Male
1.7743236054021247,99.49084939051701,Male
1.8176048250243233,110.84692492059735,Male
1.6861233961904312,82.7524301481669,Male
1.7921112437884545,89.88545358775627,Male
1.8473444409560906,68.46677834929756,Male
1.6871997737415676,92.40248762235724,Male
1.5789491002770746,80.6718883220519,Female
1.6240277284451663,60.082638999863114,Female
1.770586184207188,63.06002554813852,Female
1.6376826007051744,75.6677224549873,Female
1.5215502789814526,81.35309152745575,Female
1.6342578155267737,54.62934572784552,Female
1.561089543777201,102.87389873150948,Female
1.647554189465007,73.18719219571608,Female
1.6470142383608055,99.81291549814092,Female
1.6440309300191074,72.74433742466982,Female
1.6758987018509557,90.81953334867572,Female
1.6001642923578374,74.76482610384126,Female
1.520325448996296,47.9750676506269,Female
1.6136054928636225,66.69094143079354,Female
1.7029497386989778,59.73410479881468,Female
1.5905251531348794,63.579395884280295,Female
1.6579348918053336,110.72020308680975,Female
1.5772286861439753,95.07130981845809,Female
1.665784415927441,56.26388914693785,Female
1.5325096059655268,34.024328770246626,Female
1.6104576796416508,34.31391575667159,Female
1.592698156466351,51.887580548328934,Female
1.6108126639850693,80.84912704549893,Female
1.6003263585056018,81.51798870183384,Female
1.5342864302172856,80.1711328261752,Female
1.6583617535356379,70.36872725565446,Female
1.702651670788095,56.64651065689249,Female
1.656270481332249,81.08008282552929,Female
1.6481985795162317,60.71714104898802,Female
1.558815489023901,72.26968607235293,Female
1.5739095509631043,71.11983155559793,Female
1.5598454774707964,74.3740251001096,Female
1.6365343050227636,74.80406587197317,Female
1.5495173910086648,62.15485266264732,Female
1.6236221128475017,79.76406045772697,Female
1.5091625047278978,63.838848062682494,Female
1.6423833970701194,61.64965224771018,Female
1.7072413688061736,97.28144731913382,Female
1.6953819995062052,81.65557221965386,Female
1.593146881349158,74.8008499300164,Female
1.6179174192427603,81.19653666624204,Female
1.633633909170083,54.38173896876407,Female
1.7038838172841915,56.19117151986667,Female
1.5627540737877306,67.19458708795426,Female
1.694475783502549,89.16794509092837,Female
1.6048016241918956,68.31144609367082,Female
1.6510916212768194,53.28617181467936,Female
1.6501704184419776,115.84757077400967,Female
1.6423106046061562,51.99354780544104,Female
1.5540420069304457,49.179874887064074,Female
1.625578543402961,67.27572858793826,Female
1.6729708185428325,92.34487259205058,Female
1.6129047309585391,81.60521304232407,Female
1.59242253769457,65.5673859282733,Female
1.5972861147177573,53.20236228643576,Female
1.5927914738155047,62.029049618245466,Female
1.5606228767422428,87.57980299821895,Female
1.7294082241649824,59.881891700531284,Female
1.702960640480934,76.23510812859332,Female
1.5595917172495148,101.4643408993072,Female
1.6669396256530238,80.88276526225245,Female
1.6135983174736968,93.21747086027975,Female
1.6119984542191887,54.617901401798306,Female
1.6723943272604926,66.70595740678165,Female
1.5902302183638193,71.38120972349984,Female
1.5859465021412564,93.03377378771812,Female
1.6358740839901125,117.2710135232847,Female
1.6150846398704966,62.774433516991905,Female
1.5698292021865885,48.446210201211024,Female
1.5849992009984768,58.72033370247999,Female
1.7216169280985463,94.67399345363482,Female
1.5683779022895292,65.6848306320828,Female
1.549992027323433,83.84494825000628,Female
1.6371184413436517,66.6064853041753,Female
1.5255091418598012,100.59602437636288,Female
1.6227976832015216,69.3081650191609,Female
1.6911374293417287,108.79941900321931,Female
1.6329660285092618,69.06847651092248,Female
1.5545095364831667,67.49812235293955,Female
1.6120205457186736,69.22412382317447,Female
1.555935121707006,53.024689733897084,Female
1.600386192307929,59.109390680716444,Female
1.5682872869264524,58.73337511466383,Female
1.6951863795722897,56.296443898597495,Female
1.747437785637469,105.23440961865542,Female
1.601428339123669,63.77021340441371,Female
1.6371313113158785,70.42960000321273,Female
1.6164228988197724,52.81889157074038,Female
1.5940028665941737,80.47261300040607,Female
1.5640212443705312,64.37937474822316,Female
1.635716387718071,77.75879344586275,Female
1.5397317976887763,63.778347546884525,Female
1.6286417934565978,55.23361266421877,Female
1.6288285219638854,97.58884491749872,Female
1.6482893502423661,119.02782334605197,Female
1.6665191942045623,94.22670705296953,Female
1.6727989418470974,62.26418401667258,Female
1.5787603943794832,66.35145315723226,Female
1.772369416153747,73.34692965297249,Female
1.57301966525954,72.35549623306773,Female
1.6203356166426273,92.81082277544617,Female
1.5878414624421868,104.38203691251245,Female
1.5822730912983212,80.17601374130422,Female
1.7439745990367401,109.75779154005897,Female
1.6089121273143112,72.55591677212664,Female
1.6066018061359963,98.71535747867391,Female
1.594591957084852,61.577128044162116,Female
1.6717225700094787,79.38395955749607,Female
1.6239458062470735,65.06235870328364,Female
1.6301354998636026,74.53333436790903,Female
1.5677260885789521,73.46343422331175,Female
1.6654243191334877,54.52855470543935,Female
1.7118177797724734,81.38376522630175,Female
1.7045870398653156,80.37662688246053,Female
1.7077233757420118,80.4157769223644,Female
1.6137640152820196,103.45283633999594,Female
1.6597910283362336,70.24151241979702,Female
1.5378888115002443,44.895009144676486,Female
1.6584362036018028,53.45053120861302,Female
1.578313909219898,58.566588147272014,Female
1.6336768026583004,74.77669501609,Female
1.6139886459033799,85.96468059045051,Female
1.5774911490020613,55.61270846978499,Female
1.668525561671884,37.141678293528386,Female
1.5737641384390761,54.22812851166432,Female
1.5803915954325694,61.57327344612939,Female
1.5651242104382115,66.2778748376661,Female
1.6734321696237628,81.50512409229717,Female
1.6306372432006608,76.75344014223887,Female
1.6554832980516512,53.88862149140358,Female
1.6057945833634841,72.18735210127625,Female
1.6185720369459622,60.35499894903465,Female
1.5689530093541237,106.47660121306205,Female
1.5912776169147713,72.05066800824414,Female
1.6318954432849233,61.36705888849984,Female
1.60607755061208,93.19462137370844,Female
1.5785924602575878,64.69300222574768,Female
1.6807349860050713,53.33336782781788,Female
1.5829000687477597,62.38278141780389,Female
1.589462730792923,57.563057666667625,Female
1.686832358365157,106.31020499845731,Female
1.632388661193795,87.08042723349418,Female
1.6913481677999898,110.87675189251695,Female
1.5852141793201369,54.87995665274086,Female
1.6554824058009734,64.47259054823327,Female
1.5484216839786997,89.26935154048373,Female
1.5873582924679164,50.26207602045816,Female
1.5343769523309947,52.480303560184474,Female
1.7134270578136994,71.07884059129259,Female
1.6507613207696181,106.23379987157217,Female
1.696823319412963,56.63414070563531,Female
1.5690189109141581,48.533353018653656,Female
1.6899615529936174,78.98205835942964,Female
1.6990761462668065,101.87505119754483,Female
1.5699570309868678,101.4271033216035,Female
1.676193579948615,76.91430511668703,Female
1.6118081967290663,48.299772085708135,Female
1.6351992914364093,62.289152932370904,Female
1.5597885201034698,55.5476198685005,Female
1.6947685671778756,53.19438926363058,Female
1.6504043785040576,97.34221373317375,Female
1.6342695564998058,82.65596835315324,Female
1.575495955961564,73.56707994734057,Female
1.6069480005264944,50.925809506031115,Female
1.5475410849733375,107.09485732691923,Female
1.625402550431821,94.98893915631848,Female
1.6896239563548585,80.95999957532409,Female
1.6467880029011603,78.82724219305062,Female
1.5574742027030295,69.49434846770733,Female
1.629081325005761,79.11669906760588,Female
1.5205417908610703,47.94181464389741,Female
1.502517525134682,87.4076803074361,Female
1.544628270721422,81.99932257341283,Female
1.5691411430232725,50.772360999284814,Female
1.5768149438555386,64.51178972915115,Female
1.6264823864429285,97.49582145446495,Female
1.5976770894549586,65.16574179586719,Female
1.5274250118856143,85.8081526984687,Female
1.6326114849944742,95.57025630459385,Female
1.514213425641806,58.11428001540314,Female
1.6662703040212619,77.39584123665415,Female
1.6636907817365367,54.18411775009149,Female
1.6813271053992223,68.65298057109699,Female
1.6444670745925367,59.04085245481357,Female
1.6109983848934228,45.960867884588346,Female
1.6138787584662255,56.05638653310125,Female
1.6991450829952504,67.8195621436363,Female
1.6128837325280463,82.33571181091224,Female
1.5393264346090172,30.713856788700962,Female
1.6173175947447087,65.61483755411726,Female
1.629300983962737,77.75860647339681,Female
1.603594037550795,81.24524146748709,Female
1.6559560663056545,80.58398933473632,Female
1.5924487517132655,102.19130598224396,Female
1.6351206182554332,53.75883695187266,Female
1.6212485314253344,72.12056540185863,Female
1.6521453237950967,59.70548652737759,Female
1.4669739876775711,54.73907387688282,Female
1.6897619165489175,121.8401502285002,Female
1.599222555020942,77.70189318560816,Female
1.6180112059779963,114.26858262415264,Female
1.6584707468620599,81.83124995172824,Female
1.5966551892868686,66.82920289265307,Female
1.6324029572299599,113.3075237552343,Female
1.6307383765540064,68.80916660913827,Female
1.5484814897165802,53.14606539342749,Female
1.620407414594194,57.51461024248639,Female
1.5235085280100882,96.82924030457252,Female
1.7306559858967565,72.50336774454468,Female
1.6564045750103065,72.21690584964578,Female
1.6366887445599019,50.3761269439995,Female
1.574746414992511,61.1550346062372,Female
1.6476588742253007,110.80305056009425,Female
1.6318046268754705,60.24935861130904,Female
1.5920964133338953,67.01947156596162,Female
1.531447190737562,61.218901874857764,Female
1.5432011823257028,80.59740691398295,Female
1.5806041398714359,50.76775568017408,Female
1.655233118902664,110.4504058673462,Female
1.5807232205594377,48.94209905772309,Female
1.610611941280488,52.16979811049556,Female
1.6334919119075137,70.83885701475101,Female
1.6871883016959723,69.42077748449644,Female
1.6644985042477278,79.4664597445399,Female
1.7038997873301391,112.02642668307026,Female
1.6135760777517887,76.95483500500526,Female
1.6010199266659537,88.8005545517522,Female
1.6815640773704619,47.430552805094045,Female
1.5651005620549403,52.3764300782348,Female
1.5146072479562338,60.326947614351255,Female
1.6571190707999512,56.22981262408898,Female
1.6318477586166071,81.74234763254745,Female
1.7195704796457663,76.93871116455416,Female
1.4889298654120957,85.92023293349651,Female
1.6160156881304366,61.329437852182686,Female
1.557212743437404,64.59202185664647,Female
1.6307378907999734,77.9792331797973,Female
1.6041749991371321,75.97570602846383,Female
1.6220813603149156,75.11532569729036,Female
1.587461029480176,62.371286481583454,Female
1.6344822215074846,67.46360751803338,Female
1.6865325687610127,60.73899162949004,Female
1.5567136779221142,45.43736911363718,Female
1.5633876590013762,52.39797843727222,Female
1.5929204052980555,92.51310081109246,Female
1.6140831052842548,76.55236967845374,Female
1.559626628392334,104.61802354303961,Female
1.60578234032041,70.33957894359285,Female
1.6753978732660255,64.19690632964974,Female
1.6917854485313688,77.30766490913877,Female
1.6127869557417442,51.248822764628216,Female
1.5827516297984225,90.28186870903858,Female
1.6548436608321138,78.82438802653778,Female
1.630398078101007,60.74387510312396,Female
1.7251550768816493,86.370662659395,Female
1.6378748229192408,57.614747234051556,Female
1.6250209055185119,62.157629630017304,Female
1.6802194350026272,61.81959496635796,Female
1.6636478246242894,89.47551676009921,Female
1.640828462014318,73.09656256634848,Female
1.7218985948973613,124.03232233578666,Female
1.6997979480195908,106.56099046466746,Female
1.5867701652294315,57.672334795559024,Female
1.5052210727004007,58.90329343192158,Female
1.615811640349803,107.87011646258965,Female
1.5651029302359822,86.00323501687124,Female
1.5958174348690077,99.00254856749697,Female
1.534627384117066,62.49921907281072,Female
1.7349639372790804,67.05369814169961,Female
1.7196982862469992,85.48009005673596,Female
1.6749127119057734,67.87915859426295,Female
1.6938024946051093,33.51848692684019,Female
1.6597781481433942,107.8521534310205,Female
1.6666082365289654,99.67854271814696,Female
1.5489591214946565,51.327274563744766,Female
1.6732115577407967,71.86142247334057,Female
1.6056699949538298,65.83316411744606,Female
1.6038451833006644,65.13520463101096,Female
1.7487825018143923,57.57138059949389,Female
1.7172601125395301,74.41596347179433,Female
1.7264867962480137,74.84723910821918,Female
1.6201226135367692,73.91619290731806,Female
1.6074801342268716,99.8790273048868,Female
1.6506323842590833,71.74254049620238,Female
1.6538160412976088,72.25484546512385,Female
1.5620867964256773,45.37518698274846,Female
1.6507294260122085,70.7653090038374,Female
1.6953988390076344,115.22827532256846,Female
1.6356370672361982,106.70850137442508,Female
1.647625562832243,88.28879511298022,Female
1.5335253257873667,51.64278340066689,Female
1.6660671114670718,75.07260207586809,Female
1.6203142863480027,59.18714894067909,Female
1.607235938208321,50.02516074342416,Female
1.6695225437654266,65.09447913715913,Female
1.6190891069433662,94.40187245414695,Female
1.6194796248790027,70.57871401399608,Female
1.6465944012914517,74.40657965500496,Female
1.6568556422566372,79.75315265213685,Female
1.6069862887692636,86.32409346634061,Female
